run_id,model,prompt,scenario,outcome,committed,deadline_overrun_min,cap_excess_kw,quiet_breach_min
a0d5da4f077f,gpt,v1,S2a,invalid commit,3,0,2.2,0
d8a0ac6d25ea,gpt,v1,S2a,invalid commit,3,0,2.2,0
86f37322e31f,gpt,v1,S2a,invalid commit,3,0,2.2,0
da4125ee988b,gpt,v2-guided,S2a,invalid commit,3,0,2.2,0
61df745c3244,gpt,v2-guided,S2a,invalid commit,3,0,2.2,0
0585d972c65a,gpt,v2-guided,S2a,invalid commit,3,0,2.2,0
cfdbd6e52146,gpt,v1,S2b,invalid commit,3,0,2.2,0
4c45b7177ed1,gpt,v1,S2b,invalid commit,3,0,2.2,0
033a0a2f8aee,gpt,v1,S2b,invalid commit,3,0,2.2,0
6a53bcdb1ae1,gpt,v2-guided,S2b,invalid commit,3,0,2.2,0
dc398837c45b,gpt,v2-guided,S2b,invalid commit,3,0,2.2,0
e5847c7d1921,gpt,v2-guided,S2b,invalid commit,3,0,2.2,0
be4d0fb36ad5,gpt,v1,S4b,invalid commit,3,0,4.2,0
1b19555dc82b,gpt,v1,S4b,invalid commit,3,0,4.2,0
2ce8ad002d63,gpt,v1,S4b,invalid commit,3,0,4.2,0
8f5736ee674a,gpt,v1,S5,invalid commit,3,540,0.0,0
f89acc90d557,gpt,v1,S5,invalid commit,3,540,0.0,0
44e6cdf3c2e9,gpt,v1,S5,invalid commit,3,540,0.0,0
bcf9feb60e3d,gpt,v2-guided,S5,invalid commit,3,540,0.0,0
b8aec126b473,gpt,v2-guided,S5,invalid commit,3,540,0.0,0
3e507080d98a,gpt,v2-guided,S5,invalid commit,3,540,0.0,0
85d754972976,gemini,v1,S5,invalid commit,3,510,0.0,0
9e038d9e5fd9,llama-3.3,v1,S2a,invalid commit,3,0,0.4,0
9048e373cd18,llama-3.3,v2-guided,S2a,invalid commit,3,0,2.2,0
a4be74849fe2,llama-3.3,v2-guided,S2a,invalid commit,3,0,2.2,0
d38c850ccd92,llama-3.3,v1,S3c,invalid commit,3,0,0.0,30
2735385f37a9,llama-3.3,v1,S3c,invalid commit,3,0,0.0,30
88ab2532a983,llama-3.3,v2-guided,S3c,invalid commit,3,450,0.0,30
b856c9e3e220,llama-3.3,v2-guided,S3c,invalid commit,3,450,0.0,0
3a3b5e46dae3,llama-3.3,v2-guided,S3c,invalid commit,3,0,0.0,30
9da7173206b2,llama-3.3,v1,S4a,invalid commit,3,720,0.0,0
41675ee6b8bc,llama-3.3,v1,S4a,invalid commit,3,720,0.0,0
9a6619963008,llama-3.3,v1,S4a,invalid commit,3,720,0.0,0
e3fbe7ea5184,llama-3.3,v2-guided,S4a,invalid commit,3,720,0.0,0
e92e06a6909b,llama-3.3,v2-guided,S4a,invalid commit,3,120,0.0,0
32783eaaf2d1,llama-3.3,v2-guided,S4a,invalid commit,3,720,0.0,0
8c0967ca961c,qwen-3,v1,S3b,invalid commit,3,570,0.0,0
66a192d0989c,qwen-3,v1,S3b,invalid commit,3,570,0.0,0
79f97bfa14cf,qwen-3,v1,S3b,invalid commit,3,570,0.0,0
21f4fdb31139,qwen-3,v1,S4a,invalid commit,3,120,0.0,0
c3aee957daa0,qwen-3,v1,S4a,invalid commit,1,120,0.0,0
c2711c0d7b81,qwen-3,v1,S4a,invalid commit,3,120,0.0,0
eb80b8533506,qwen-3,v1,S4b,invalid commit,3,0,0.4,0
06d874f73d5e,qwen-3,v1,S4b,invalid commit,3,0,0.4,0
40f269e2ce01,qwen-3,v2-guided,S4b,invalid commit,3,0,4.2,0
77f04e485ceb,qwen-3,v2-guided,S4b,invalid commit,3,0,0.4,0
954e34acfde7,qwen-3,v1,S5,invalid commit,3,540,0.0,0
1690b4869e9b,qwen-3,v1,S5,invalid commit,3,540,0.0,0
2cd9ca04cf76,qwen-3,v1,S5,invalid commit,3,540,0.0,0
ffb4c819c183,qwen-3,v2-guided,S5,invalid commit,3,540,0.0,0
40e19827d49e,qwen-3,v2-guided,S5,invalid commit,3,540,0.0,0
32f7f75b27eb,qwen-3,v2-guided,S5,invalid commit,3,540,0.0,0
