run_id,week,schedule_calls,wm,dw,ev_days,missing,unrequested,ev_late,outside_week,as_requested,cost_gbp,milp_0800_gbp,gap_gbp,gap_pct,subset_cost_gbp,day_alloc_gbp,timing_gbp,tokens,latency_s,usd
4121fea44a2a,week0,11,2,3,6,0,1,0,0,False,38.398,19.909,18.489,92.9,30.744,0.388,10.448,86787,31.67,0.013992
bf106856cfe0,week0,12,2,3,7,0,2,0,0,False,46.174,19.909,26.265,131.9,30.762,0.35,10.503,83180,24.31,0.013352
1bad2d728b14,week0,12,2,3,7,0,2,0,0,False,46.174,19.909,26.265,131.9,30.762,0.35,10.503,83265,23.43,0.013403
e907c89c558f,week0,11,2,3,6,0,1,0,0,False,38.415,19.909,18.507,93.0,30.762,0.35,10.503,83092,22.47,0.013338
465ee55d1086,week0,11,2,3,6,0,1,0,0,False,38.398,19.909,18.489,92.9,30.744,0.388,10.448,86843,65.55,0.014026
ced9cc7e2549,week1,13,3,3,7,0,3,0,0,False,44.389,18.012,26.377,146.4,29.794,0.863,10.919,83292,75.91,0.013385
184c98b1bbce,week1,13,3,3,7,0,3,0,0,False,44.414,18.012,26.402,146.6,29.808,0.863,10.933,83243,48.23,0.013355
1368520c3c40,week1,13,3,3,7,0,3,0,0,False,45.329,18.012,27.317,151.7,29.817,0.751,11.054,83224,29.69,0.013344
4046a84673dc,week1,7,2,2,3,3,0,0,0,False,16.604,18.012,-1.408,-7.8,,,,59342,20.43,0.009487
2fc205dba72c,week1,13,3,3,7,0,3,0,0,False,44.696,18.012,26.684,148.1,29.794,0.863,10.919,83282,29.97,0.013379
